{"abandoned": 50, "merged": 619, "pending": 30, "review_time_days_avg": 49.798477551020426, "review_time_days_median": 14.12725, "submitted": 699}