{"abandoned": 0, "merged": 6, "pending": 0, "review_time_days_avg": 484.5699333333334, "review_time_days_median": 500.07235000000003, "submitted": 6}