{"abandoned": 738, "merged": 5273, "pending": 185, "review_time_days_avg": 243.19978686746856, "review_time_days_median": 173.87484999999998, "submitted": 6196}