{"abandoned": 718, "merged": 2853, "pending": 98, "review_time_days_avg": 242.04858694444397, "review_time_days_median": 195.27305, "submitted": 3669}