{"abandoned": 242, "merged": 1106, "pending": 165, "review_time_days_avg": 23.431852689873427, "review_time_days_median": 4.0196000000000005, "submitted": 1513}