{"abandoned": 346, "merged": 1390, "pending": 254, "review_time_days_avg": 24.234284080188697, "review_time_days_median": 3.89025, "submitted": 1990}