{"abandoned": 36, "merged": 42, "pending": 48, "review_time_days_avg": 104.21802058823532, "review_time_days_median": 17.533749999999998, "submitted": 126}