{"abandoned": 14, "merged": 86, "pending": 10, "review_time_days_avg": 24.824194117647057, "review_time_days_median": 5.2181999999999995, "submitted": 110}