{"abandoned": 335, "merged": 1466, "pending": 23, "review_time_days_avg": 98.01047847896446, "review_time_days_median": 41.420249999999996, "submitted": 1824}