{"abandoned": 327, "merged": 1464, "pending": 45, "review_time_days_avg": 100.76416993355484, "review_time_days_median": 45.50875, "submitted": 1836}