{"abandoned": 38, "merged": 335, "pending": 23, "review_time_days_avg": 113.94860294117649, "review_time_days_median": 61.59335, "submitted": 396}