{"abandoned": 121, "merged": 579, "pending": 88, "review_time_days_avg": 109.03961984126994, "review_time_days_median": 68.59870000000001, "submitted": 788}