{"abandoned": 357, "merged": 2714, "pending": 61, "review_time_days_avg": 106.64378049605408, "review_time_days_median": 74.34934999999999, "submitted": 3132}