{"abandoned": 188, "merged": 763, "pending": 111, "review_time_days_avg": 15.92147765957446, "review_time_days_median": 3.82615, "submitted": 1062}