{"abandoned": 5, "merged": 177, "pending": 4, "review_time_days_avg": 0.7901280487804877, "review_time_days_median": 0.36970000000000003, "submitted": 186}