{"abandoned": 0, "merged": 2, "pending": 0, "review_time_days_avg": 125.97380000000001, "review_time_days_median": 125.97380000000001, "submitted": 2}