{"abandoned": 32, "merged": 174, "pending": 0, "review_time_days_avg": 163.06465125000005, "review_time_days_median": 102.01165, "submitted": 206}