{"abandoned": 135, "merged": 646, "pending": 90, "review_time_days_avg": 99.70583413461553, "review_time_days_median": 42.628249999999994, "submitted": 871}