{"abandoned": 121, "merged": 579, "pending": 93, "review_time_days_avg": 109.03961984126992, "review_time_days_median": 68.59870000000001, "submitted": 793}