{"abandoned": 32, "merged": 172, "pending": 0, "review_time_days_avg": 186.27019714285723, "review_time_days_median": 225.56365, "submitted": 204}