{"abandoned": 0, "merged": 8, "pending": 0, "review_time_days_avg": 24.318949999999997, "review_time_days_median": 24.318949999999997, "submitted": 8}