{"abandoned": 338, "merged": 2457, "pending": 44, "review_time_days_avg": 116.83100490683222, "review_time_days_median": 94.27199999999999, "submitted": 2839}