{"abandoned": 3, "merged": 3, "pending": 0, "review_time_days_avg": 0.06520000000000001, "review_time_days_median": 0.06520000000000001, "submitted": 6}