{"abandoned": 75, "merged": 290, "pending": 43, "review_time_days_avg": 128.42166349206346, "review_time_days_median": 61.890299999999996, "submitted": 408}