{"abandoned": 7, "merged": 39, "pending": 6, "review_time_days_avg": 20.67996249999999, "review_time_days_median": 6.885400000000001, "submitted": 52}