{"abandoned": 19, "merged": 49, "pending": 19, "review_time_days_avg": 13.81190625, "review_time_days_median": 5.230700000000001, "submitted": 87}