{"abandoned": 2, "merged": 26, "pending": 2, "review_time_days_avg": 9.048919999999999, "review_time_days_median": 10.171050000000001, "submitted": 30}