{"abandoned": 9, "merged": 24, "pending": 1, "review_time_days_avg": 16.904329999999995, "review_time_days_median": 0.8397000000000001, "submitted": 34}