{"abandoned": 124, "merged": 821, "pending": 3, "review_time_days_avg": 58.8079287769784, "review_time_days_median": 26.071350000000002, "submitted": 948}