{"abandoned": 0, "merged": 2, "pending": 0, "review_time_days_avg": 2.4932999999999996, "review_time_days_median": 2.4932999999999996, "submitted": 2}