{"abandoned": 0, "merged": 2, "pending": 0, "review_time_days_avg": 62.425200000000004, "review_time_days_median": 62.425200000000004, "submitted": 2}