{"abandoned": 23, "merged": 193, "pending": 8, "review_time_days_avg": 158.41614444444443, "review_time_days_median": 92.79294999999999, "submitted": 224}