{"abandoned": 0, "merged": 2, "pending": 5, "review_time_days_avg": 11.243500000000001, "review_time_days_median": 11.243500000000001, "submitted": 7}