{"abandoned": 14, "merged": 85, "pending": 7, "review_time_days_avg": 25.692003125, "review_time_days_median": 5.2181999999999995, "submitted": 106}