{"abandoned": 38, "merged": 335, "pending": 24, "review_time_days_avg": 113.94860294117647, "review_time_days_median": 61.59335, "submitted": 397}