{"abandoned": 5, "merged": 170, "pending": 1, "review_time_days_avg": 0.8179067567567567, "review_time_days_median": 0.36970000000000003, "submitted": 176}