{"abandoned": 211, "merged": 1077, "pending": 40, "review_time_days_avg": 182.02714751131194, "review_time_days_median": 75.86975, "submitted": 1328}