{"abandoned": 196, "merged": 890, "pending": 30, "review_time_days_avg": 174.54608486842082, "review_time_days_median": 60.32055, "submitted": 1116}