{"abandoned": 3, "merged": 11, "pending": 1, "review_time_days_avg": 112.58188333333332, "review_time_days_median": 41.21469999999999, "submitted": 15}