{"abandoned": 3, "merged": 11, "pending": 1, "review_time_days_avg": 112.58883333333331, "review_time_days_median": 41.235549999999996, "submitted": 15}