{"abandoned": 98, "merged": 1279, "pending": 6, "review_time_days_avg": 57.07667200920258, "review_time_days_median": 48.94975, "submitted": 1383}