{"abandoned": 98, "merged": 1279, "pending": 6, "review_time_days_avg": 54.75930896057349, "review_time_days_median": 47.747249999999994, "submitted": 1383}