{"data":{"years":[2001,2002,2003,2004,2005,2006,2007,2008,2009,2010,2011,2012,2013,2014],"X0.99":[1964294,2269523,2645416.83,2666505.12,2818993.8,2762134.72,2704673.34,2326197.48,2075503.65,1790824,1377667.72,978118.64,545507.32,158365.88],"X0.95":[424403.55,1123226.9,1458594,1235789,1258196,1186174.89999999,1173913.15,958156.000000002,906782,1074679.75,894571.399999999,644900,334494.2,91671.8],"X0.5":[133291,11710,11094.5,10064,10318,10342,11483,11267,10019.5,11314.5,11288,10229,6983,2814],"X0.25":[18880,1487,1149.25,980,1006,1245,1171,1043,822,886,828,762,366,181]},"labels":[0.99,0.95,0.5,0.25]}