{"ASSIGNED":{"old_value":["0","0","ASSIGNED","0","ASSIGNED","0","ASSIGNED","0","ASSIGNED"],"new_value":["ASSIGNED","ASSIGNED ASSIGNED","CLOSED","CLOSED CLOSED","NEW","REOPENED","RESOLVED","UNCONFIRMED","VERIFIED"],"issue":[0,0,3078,0,25380,0,78371,0,1],"f":[0,0,0.0288121314237574,0,0.237573715248526,0,0.733604792661237,0,9.36066647945334e-06]},"ASSIGNED ASSIGNED":{"old_value":[0,0,0,0,0,0,0,0,0],"new_value":["ASSIGNED","ASSIGNED ASSIGNED","CLOSED","CLOSED CLOSED","NEW","REOPENED","RESOLVED","UNCONFIRMED","VERIFIED"],"issue":[0,0,0,0,0,0,0,0,0],"f":[0,0,0,0,0,0,0,0,0]},"CLOSED":{"old_value":["CLOSED","0","0","0","CLOSED","CLOSED","CLOSED","CLOSED","CLOSED"],"new_value":["ASSIGNED","ASSIGNED ASSIGNED","CLOSED","CLOSED CLOSED","NEW","REOPENED","RESOLVED","UNCONFIRMED","VERIFIED"],"issue":[1,0,0,0,1,2278,361,2,5],"f":[0.000377643504531722,0,0,0,0.000377643504531722,0.860271903323263,0.136329305135952,0.000755287009063444,0.00188821752265861]},"CLOSED CLOSED":{"old_value":[0,0,0,0,0,0,0,0,0],"new_value":["ASSIGNED","ASSIGNED ASSIGNED","CLOSED","CLOSED CLOSED","NEW","REOPENED","RESOLVED","UNCONFIRMED","VERIFIED"],"issue":[0,0,0,0,0,0,0,0,0],"f":[0,0,0,0,0,0,0,0,0]},"NEW":{"old_value":["NEW","NEW NEW","NEW","0","0","0","NEW","0","NEW"],"new_value":["ASSIGNED","ASSIGNED ASSIGNED","CLOSED","CLOSED CLOSED","NEW","REOPENED","RESOLVED","UNCONFIRMED","VERIFIED"],"issue":[109081,1,20068,0,0,0,290447,0,9],"f":[0.259960534406086,2.3831880383026e-06,0.0478258175526565,0,0,0,0.692189816160875,0,2.14486923447234e-05]},"REOPENED":{"old_value":["REOPENED","0","REOPENED","0","REOPENED","0","REOPENED","0","REOPENED"],"new_value":["ASSIGNED","ASSIGNED ASSIGNED","CLOSED","CLOSED CLOSED","NEW","REOPENED","RESOLVED","UNCONFIRMED","VERIFIED"],"issue":[5164,0,893,0,10002,0,21882,0,2],"f":[0.13609888516986,0,0.0235353029544316,0,0.263605935218617,0,0.576707166012176,0,5.27106449147405e-05]},"RESOLVED":{"old_value":["RESOLVED","0","RESOLVED","RESOLVED RESOLVED","RESOLVED","RESOLVED","0","RESOLVED","RESOLVED"],"new_value":["ASSIGNED","ASSIGNED ASSIGNED","CLOSED","CLOSED CLOSED","NEW","REOPENED","RESOLVED","UNCONFIRMED","VERIFIED"],"issue":[270,0,48674,3,1143,35994,0,33,64192],"f":[0.00179629962277708,0,0.323826251255746,1.99588846975231e-05,0.0076043350697563,0.239466698600882,0,0.000219547731672754,0.427066908834468]},"UNCONFIRMED":{"old_value":["UNCONFIRMED","0","UNCONFIRMED","0","UNCONFIRMED","0","UNCONFIRMED","0","0"],"new_value":["ASSIGNED","ASSIGNED ASSIGNED","CLOSED","CLOSED CLOSED","NEW","REOPENED","RESOLVED","UNCONFIRMED","VERIFIED"],"issue":[722,0,157,0,283,0,444,0,0],"f":[0.449564134495641,0,0.0977584059775841,0,0.176214196762142,0,0.276463262764633,0,0]},"VERIFIED":{"old_value":["0","0","VERIFIED","0","VERIFIED","VERIFIED","VERIFIED","0","0"],"new_value":["ASSIGNED","ASSIGNED ASSIGNED","CLOSED","CLOSED CLOSED","NEW","REOPENED","RESOLVED","UNCONFIRMED","VERIFIED"],"issue":[0,0,9178,0,5,1422,63,0,0],"f":[0,0,0.860329958755156,0,0.000468691413573303,0.133295838020247,0.00590551181102362,0,0]}}