{"data":{"years":[2001,2002,2003,2004,2005,2006,2007,2008,2009,2010,2011,2012,2013,2014],"X0.99":[1964294,2269523,2645416.83,2665351.4,2815484.63,2759577,2704571.28,2321951.29,2074257.44,1789580.86,1372751.5,974285.639999997,541632.95,153634],"X0.95":[424403.55,1123226.9,1458594,1235279,1257713,1185082,1173620.4,957311.849999998,906692.6,1073399.6,892924.75,641910.999999999,332166.1,89874.75],"X0.5":[133291,11710,11094.5,10064,10316,10335,11483,11265,10018,11311,11276.5,10223,6942.5,2801.5],"X0.25":[18880,1487,1149.25,980,1006,1245,1171,1042.25,822,885.5,828,762,365,181]},"labels":[0.99,0.95,0.5,0.25]}