{"data":{"years":[2001,2002,2003,2004,2005,2006,2007,2008,2009,2010,2011,2012,2013,2014],"X0.99":[1964294,2269523,2637232.03,2659511.87000001,2802755.5,2712846.8,2652535.12,2233458.69999999,2018423.16,1720688.04,1288758.52,889858.15,459848.540000001,83530.6],"X0.95":[424403.55,1123226.9,1454696,1235219,1253758,1182945.35,1155220,941325.299999998,889723.499999997,1011763.2,828310.799999997,560341.55,229823.25,46354],"X0.5":[133291,11711,11085,10063.5,10315,10341,11435,11212,9996.5,11130,11041,9938,5707.5,1494],"X0.25":[18880,1487,1149,980,1006,1244,1169,1037.5,816,873,802,710,308,126.5]},"labels":[0.99,0.95,0.5,0.25]}