{"data":{"years":[2001,2002,2003,2004,2005,2006,2007,2008,2009,2010,2011,2012,2013,2014],"X0.99":[1964294,2269523,2645416.83,2666505.12,2818993.8,2762134.72,2708444,2328305.28,2080103,1791226,1380991.63,980848.799999999,546724.799999996,164039.77],"X0.95":[424403.55,1123226.9,1458594,1235789,1258196,1186174.89999999,1177263,960475.1,907475.599999999,1075999.3,896891.849999998,646609,339536,93598],"X0.5":[133291,11710,11094.5,10064,10318,10342,11485,11269,10021,11315,11301.5,10237,7021,2914],"X0.25":[18880,1487,1149.25,980,1006,1245,1171,1043,822,886,830.5,764,368,188]},"labels":[0.99,0.95,0.5,0.25]}