{"data":{"years":[2001,2002,2003,2004,2005,2006,2007,2008,2009,2010,2011,2012,2013,2014],"X0.99":[1964294,2269523,2645416.83,2665351.4,2815396,2759577,2704571.28,2315644.25000001,2068131.5,1788560.5,1369300.1,966610.87,535632.74,150425.22],"X0.95":[424403.55,1123226.9,1458594,1235279,1255928.7,1185082,1173620.4,956281,904728.399999999,1072328.45,889947.5,637340.149999999,326977.8,88600.9999999998],"X0.5":[133291,11710,11094.5,10064,10316,10335,11483,11262.5,10015,11308.5,11263,10211,6889,2729],"X0.25":[18880,1487,1149.25,980,1006,1245,1171,1042,820,885.25,827,758.75,362,181]},"labels":[0.99,0.95,0.5,0.25]}