{"ASSIGNED":{"old_value":["0","0","ASSIGNED","0","ASSIGNED","0","ASSIGNED","0","ASSIGNED"],"new_value":["ASSIGNED","ASSIGNED ASSIGNED","CLOSED","CLOSED CLOSED","NEW","REOPENED","RESOLVED","UNCONFIRMED","VERIFIED"],"issue":[0,0,3204,0,25411,0,79858,0,1],"f":[0,0,0.029537031915482,0,0.23425890075041,0,0.736194848535133,0,9.21879897486955e-06]},"ASSIGNED ASSIGNED":{"old_value":[0,0,0,0,0,0,0,0,0],"new_value":["ASSIGNED","ASSIGNED ASSIGNED","CLOSED","CLOSED CLOSED","NEW","REOPENED","RESOLVED","UNCONFIRMED","VERIFIED"],"issue":[0,0,0,0,0,0,0,0,0],"f":[0,0,0,0,0,0,0,0,0]},"CLOSED":{"old_value":["CLOSED","0","0","0","CLOSED","CLOSED","CLOSED","CLOSED","CLOSED"],"new_value":["ASSIGNED","ASSIGNED ASSIGNED","CLOSED","CLOSED CLOSED","NEW","REOPENED","RESOLVED","UNCONFIRMED","VERIFIED"],"issue":[1,0,0,0,1,2330,390,2,5],"f":[0.000366434591425431,0,0,0,0.000366434591425431,0.853792598021253,0.142909490655918,0.000732869182850861,0.00183217295712715]},"CLOSED CLOSED":{"old_value":[0,0,0,0,0,0,0,0,0],"new_value":["ASSIGNED","ASSIGNED ASSIGNED","CLOSED","CLOSED CLOSED","NEW","REOPENED","RESOLVED","UNCONFIRMED","VERIFIED"],"issue":[0,0,0,0,0,0,0,0,0],"f":[0,0,0,0,0,0,0,0,0]},"NEW":{"old_value":["NEW","NEW NEW","NEW","0","0","0","NEW","0","NEW"],"new_value":["ASSIGNED","ASSIGNED ASSIGNED","CLOSED","CLOSED CLOSED","NEW","REOPENED","RESOLVED","UNCONFIRMED","VERIFIED"],"issue":[110555,1,21224,0,0,0,293391,0,9],"f":[0.26001928594948,2.35194505856343e-06,0.0499176819229503,0,0,0,0.690039512676984,0,2.11675055270709e-05]},"REOPENED":{"old_value":["REOPENED","0","REOPENED","0","REOPENED","0","REOPENED","0","REOPENED"],"new_value":["ASSIGNED","ASSIGNED ASSIGNED","CLOSED","CLOSED CLOSED","NEW","REOPENED","RESOLVED","UNCONFIRMED","VERIFIED"],"issue":[5217,0,931,0,10010,0,22198,0,2],"f":[0.136008133896449,0,0.0242713384430888,0,0.260962511079827,0,0.578705876218781,0,5.21403618541113e-05]},"RESOLVED":{"old_value":["RESOLVED","0","RESOLVED","RESOLVED RESOLVED","RESOLVED","RESOLVED","0","RESOLVED","RESOLVED"],"new_value":["ASSIGNED","ASSIGNED ASSIGNED","CLOSED","CLOSED CLOSED","NEW","REOPENED","RESOLVED","UNCONFIRMED","VERIFIED"],"issue":[270,0,49362,3,1143,36353,0,38,65297],"f":[0.00177088662390303,0,0.323757427885561,1.9676518043367e-05,0.00749675337452284,0.238433486810174,0,0.000249235895215983,0.428272532892579]},"UNCONFIRMED":{"old_value":["UNCONFIRMED","0","UNCONFIRMED","0","UNCONFIRMED","0","UNCONFIRMED","0","0"],"new_value":["ASSIGNED","ASSIGNED ASSIGNED","CLOSED","CLOSED CLOSED","NEW","REOPENED","RESOLVED","UNCONFIRMED","VERIFIED"],"issue":[868,0,185,0,339,0,583,0,0],"f":[0.439493670886076,0,0.0936708860759494,0,0.171645569620253,0,0.295189873417722,0,0]},"VERIFIED":{"old_value":["0","0","VERIFIED","0","VERIFIED","VERIFIED","VERIFIED","0","0"],"new_value":["ASSIGNED","ASSIGNED ASSIGNED","CLOSED","CLOSED CLOSED","NEW","REOPENED","RESOLVED","UNCONFIRMED","VERIFIED"],"issue":[0,0,9493,0,5,1451,66,0,0],"f":[0,0,0.86182478438493,0,0.000453926463912846,0.131729459827508,0.00599182932364957,0,0]}}