{"data":{"years":[2001,2002,2003,2004,2005,2006,2007,2008,2009,2010,2011,2012,2013,2014],"X0.99":[1964294,2269523,2645416.83,2666505.12,2818993.8,2762134.72,2704673.34,2326197.48,2075503.65,1790397.75,1376953.38,978120.1,545494,158308.2],"X0.95":[424403.55,1123226.9,1458594,1235789,1258196,1186174.89999999,1173913.15,958156.000000002,906782,1073804.5,893889.899999999,644280,334271,91655],"X0.5":[133291,11710,11094.5,10064,10318,10342,11483,11267,10019.5,11312.5,11284,10228,6974,2811],"X0.25":[18880,1487,1149.25,980,1006,1245,1171,1043,822,885.75,828,762,366,181]},"labels":[0.99,0.95,0.5,0.25]}