{"data":{"years":[2001,2002,2003,2004,2005,2006,2007,2008,2009,2010,2011,2012,2013,2014],"X0.99":[1964294,2269523,2645416.83,2665351.4,2818993.8,2762134.72,2704571.28,2321951.29,2075503.65,1790397.75,1372833.68,976069.460000003,542247.32,153634],"X0.95":[424403.55,1123226.9,1458594,1235279,1258196,1186174.89999999,1173620.4,957311.849999998,906782,1073804.5,893011.3,642249.4,332721.199999999,90447.15],"X0.5":[133291,11710,11094.5,10064,10318,10342,11483,11265,10019.5,11312.5,11280,10224,6950.5,2808.5],"X0.25":[18880,1487,1149.25,980,1006,1245,1171,1042.25,822,885.75,828,762,365,181]},"labels":[0.99,0.95,0.5,0.25]}