{"data":{"years":[2001,2002,2003,2004,2005,2006,2007,2008,2009,2010,2011,2012,2013,2014],"X0.99":[1964294,2269523,2645416.83,2665351.4,2815484.63,2759577,2704571.28,2317955.72,2068131.5,1789580.86,1369319.13,967637.98,535726.91,150681.93],"X0.95":[424403.55,1123226.9,1458594,1235279,1257713,1185082,1173620.4,956413.299999999,904728.399999999,1073399.6,892085.149999999,637805.499999999,328298.05,88249.2999999999],"X0.5":[133291,11710,11094.5,10064,10316,10335,11483,11263,10015,11311,11265.5,10212,6903,2714],"X0.25":[18880,1487,1149.25,980,1006,1245,1171,1042,820,885.5,827.25,759.75,362.25,180.75]},"labels":[0.99,0.95,0.5,0.25]}