{"data":{"years":[2001,2002,2003,2004,2005,2006,2007,2008,2009,2010,2011,2012,2013,2014],"X0.99":[1964294,2269523,2642471.58,2661253.32,2814442,2744965.12999994,2704571.28,2290012.24,2044181.76,1748954,1335459.54,937014.9,517544.88,139478.92],"X0.95":[424403.55,1123226.9,1455044.8,1235225,1255749.5,1185031.4,1173620.4,950135.099999998,899163.799999999,1047172.15,868512.6,614436.5,298174,81594],"X0.5":[133291,11710,11087,10064,10316,10334,11483,11248,10011,11239,11232,10119,6373,2616],"X0.25":[18880,1487,1149,980,1006,1245,1171,1040,818,882,818,745.5,347,170]},"labels":[0.99,0.95,0.5,0.25]}