{"data":{"years":[2001,2002,2003,2004,2005,2006,2007,2008,2009,2010,2011,2012,2013,2014],"X0.99":[1964294,2269523,2645416.83,2665351.4,2818993.8,2762134.72,2704673.34,2324336.21999999,2075503.65,1790397.75,1376953.38,977093.09,543906.72,157967.13],"X0.95":[424403.55,1123226.9,1458594,1235279,1258196,1186174.89999999,1173913.15,957590.7,906782,1073804.5,893889.899999999,642565.399999999,334018.2,91096.4],"X0.5":[133291,11710,11094.5,10064,10318,10342,11483,11266,10019.5,11312.5,11284,10224.5,6965,2811.5],"X0.25":[18880,1487,1149.25,980,1006,1245,1171,1042.75,822,885.75,828,762,366,181]},"labels":[0.99,0.95,0.5,0.25]}