{"data":{"years":[2001,2002,2003,2004,2005,2006,2007,2008,2009,2010,2011,2012,2013,2014],"X0.99":[1964294,2269523,2645416.83,2666505.12,2819261.84,2762134.72,2708444,2328305.28,2080103,1792884.94,1381814.26,982380.45,552571.16,164647.5],"X0.95":[424403.55,1123226.9,1458594,1235789,1258214.2,1186174.89999999,1177263,960475.1,907475.599999999,1078551,898088.599999997,649529.5,342126,93582.45],"X0.5":[133291,11710,11094.5,10064,10320,10342,11485,11269,10021,11317,11307,10244.5,7040,2937.5],"X0.25":[18880,1487,1149.25,980,1006,1245,1171,1043,822,886.5,832,765.25,369,189.25]},"labels":[0.99,0.95,0.5,0.25]}