{"data":{"years":[2001,2002,2003,2004,2005,2006,2007,2008,2009,2010,2011,2012,2013,2014],"X0.99":[1964294,2269523,2645416.83,2666505.12,2819261.84,2762134.72,2708444,2328305.28,2080103,1791266.8,1381421.95,981369.259999999,551443.16,164036.6],"X0.95":[424403.55,1123226.9,1458594,1235789,1258214.2,1186174.89999999,1177263,960475.1,907475.599999999,1077753,897322.25,648064.199999997,341251.8,93458.3999999999],"X0.5":[133291,11710,11094.5,10064,10320,10342,11485,11269,10021,11315,11304.5,10240,7033,2927],"X0.25":[18880,1487,1149.25,980,1006,1245,1171,1043,822,886,832,764.5,369,188]},"labels":[0.99,0.95,0.5,0.25]}