{"abandoned": 3, "merged": 23, "pending": 4, "review_time_days_avg": 386.58910000000003, "review_time_days_median": 386.58910000000003, "submitted": 30}