{"data":{"years":[2001,2002,2003,2004,2005,2006,2007,2008,2009,2010,2011,2012,2013,2014],"X0.99":[6672.77999999999,27072.8400000001,21366.56,14611.5500000001,17246,20236.22,22186.24,21400.5,24247.0200000003,24445,29396.1300000003,33052,24598.6100000001,18544.2400000001],"X0.95":[2973.05,7060.99999999999,4293.2,3652,5354.3,5292.39999999999,6362.59999999999,6777.89999999999,5875,6095.64999999998,7373,7854,6955.1,4832.75],"X0.5":[116,119,109,116.5,126,148,141,154,153,148,190,169,131,135],"X0.25":[56.5,35,27.5,29,29,32,30,34,28,28,32,31,29,28.75]},"labels":[0.99,0.95,0.5,0.25]}