{"data":{"years":[2001,2002,2003,2004,2005,2006,2007,2008,2009,2010,2011,2012,2013,2014],"X0.99":[8292.58000000013,29091.9900000002,21394.44,14859,17246,20321.66,22243,21503,24337,24445,29725.5900000004,33052,24713.71,21977],"X0.95":[2978,7111,4295.29999999998,3652,5355,5321.19999999996,6371,6782,5875,6111.25,7373,7854,6956,5710.25],"X0.5":[116,119,109,117,126,148,141,154,153,148,190,169,131,140],"X0.25":[56,35,27.25,29,29,32,30,34,28,28,32,31,29,29]},"labels":[0.99,0.95,0.5,0.25]}