{"data":{"years":[2001,2002,2003,2004,2005,2006,2007,2008,2009,2010,2011,2012,2013,2014],"X0.99":[20284.88,24683.4299999997,5459.81999999999,13233.04,14495.68,9538.56999999999,14191.8,10018.1,31948.75,39746.83,8734.56,56358.7799999998,162020.5,1329.73],"X0.95":[17068.4,2803.6,1283.35,2898,2239.9,3643.44999999999,8471.55,7546.5,9988.5,6370.15,4375.99999999999,6569.69999999999,10871.75,864.649999999999],"X0.5":[268,91,76,70,85,90,86,64.5,87,60,124,133,293,105],"X0.25":[206,29.5,22,19,19,24.5,16.25,25.25,25.25,21.5,19,29.5,72.5,25.75]},"labels":[0.99,0.95,0.5,0.25]}