{"abandoned": 57, "merged": 157, "pending": 23, "review_time_days_avg": 120.26126764705879, "review_time_days_median": 91.36975000000001, "submitted": 237}