{"abandoned": 11, "merged": 34, "pending": 4, "review_time_days_avg": 5.250683333333334, "review_time_days_median": 0.13535000000000003, "submitted": 49}