{"abandoned": 99, "merged": 270, "pending": 67, "review_time_days_avg": 72.19723313253007, "review_time_days_median": 4.927899999999999, "submitted": 436}