{"abandoned": 77, "merged": 312, "pending": 39, "review_time_days_avg": 120.97425149253732, "review_time_days_median": 58.61545, "submitted": 428}