{"abandoned": 401, "merged": 1487, "pending": 87, "review_time_days_avg": 80.10185750853246, "review_time_days_median": 10.57115, "submitted": 1975}