{"abandoned": 239, "merged": 484, "pending": 21, "review_time_days_avg": 69.23345903614464, "review_time_days_median": 10.86825, "submitted": 744}