{"abandoned": 29, "merged": 299, "pending": 9, "review_time_days_avg": 40.584334722222245, "review_time_days_median": 0.8835999999999999, "submitted": 337}