{"abandoned": 7, "merged": 7, "pending": 4, "review_time_days_avg": 23.980324999999997, "review_time_days_median": 21.303949999999997, "submitted": 18}