{"abandoned": 227, "merged": 370, "pending": 32, "review_time_days_avg": 113.57546918604656, "review_time_days_median": 0.92045, "submitted": 629}