{"abandoned": 5, "merged": 18, "pending": 7, "review_time_days_avg": 7.570335714285714, "review_time_days_median": 2.1765499999999998, "submitted": 30}