{"abandoned": 227, "merged": 1263, "pending": 48, "review_time_days_avg": 203.72280667808215, "review_time_days_median": 102.87729999999999, "submitted": 1538}