{"abandoned": 23, "merged": 91, "pending": 6, "review_time_days_avg": 21.40527777777778, "review_time_days_median": 2.7234499999999997, "submitted": 120}