{"abandoned": 22, "merged": 78, "pending": 0, "review_time_days_avg": 288.86427205882353, "review_time_days_median": 346.99609999999996, "submitted": 100}