{"abandoned": 124, "merged": 828, "pending": 14, "review_time_days_avg": 58.396848214285676, "review_time_days_median": 25.907600000000002, "submitted": 966}