{"abandoned": 32, "merged": 215, "pending": 6, "review_time_days_avg": 6.191398245614035, "review_time_days_median": 1.1341999999999999, "submitted": 253}