{"abandoned": 11, "merged": 19, "pending": 10, "review_time_days_avg": 5.869021428571428, "review_time_days_median": 1.1604999999999999, "submitted": 40}