{"abandoned": 86, "merged": 539, "pending": 0, "review_time_days_avg": 136.86918826086952, "review_time_days_median": 39.664249999999996, "submitted": 625}