{"abandoned": 46, "merged": 421, "pending": 21, "review_time_days_avg": 111.73049583333331, "review_time_days_median": 87.91329999999999, "submitted": 488}