{"abandoned": 124, "merged": 820, "pending": 3, "review_time_days_avg": 58.80792877697838, "review_time_days_median": 26.071350000000002, "submitted": 947}