{"abandoned": 47, "merged": 427, "pending": 30, "review_time_days_avg": 108.39024799999997, "review_time_days_median": 69.37425, "submitted": 504}