{"abandoned": 3, "merged": 4, "pending": 2, "review_time_days_avg": 0.6618999999999999, "review_time_days_median": 0.6618999999999999, "submitted": 9}