{"abandoned": 147, "merged": 714, "pending": 98, "review_time_days_avg": 96.93965000000011, "review_time_days_median": 35.514849999999996, "submitted": 959}