{"abandoned": 12, "merged": 68, "pending": 8, "review_time_days_avg": 71.92372391304345, "review_time_days_median": 0.9862500000000001, "submitted": 88}